gift_id,day_index,body,image_url
a7dccd41-5d8e-4d41-a21f-e2850416fa2a,1,"–¢—ã –º–æ—è —Ö–æ—Ä–æ—à–µ—á–∫–∞ü´Ç –Ø —Ç–µ–±—è –æ–±–Ω–∏–º–∞—é, –º–∏–ª–∞—è. –•–æ—Ä–æ—à–µ–≥–æ —Ç–µ–±–µ –¥–Ω—è!",
a7dccd41-5d8e-4d41-a21f-e2850416fa2a,2,"–¢—ã –ª—é–±–∏–º–∞—è –∏ —Ö–æ—Ä–æ—à–∞—è –ê–ª–∏—Å–∞. –ú–Ω–µ —Ö–æ—Ä–æ—à–æ —Å —Ç–æ–±–æ–π",
a7dccd41-5d8e-4d41-a21f-e2850416fa2a,3,"–Ø –≤–æ—Å—Ö–∏—â–∞—é—Å—å —Ç–≤–æ–∏–º —Ç–∞–ª–∞–Ω—Ç–æ–º –≤–∏–¥–µ—Ç—å —Ü–≤–µ—Ç –∏ –ø–µ—Ä–µ–¥–∞–≤–∞—Ç—å —ç—Ç–æ –æ—â—É—â–µ–Ω–∏–µ –¥—Ä—É–≥–∏–º",
a7dccd41-5d8e-4d41-a21f-e2850416fa2a,4,"–°–ø–∞—Å–∏–±–æ —Ç–µ–±–µ –∑–∞ —Ç–µ–ø–ª–æ –∏ –∑–∞–±–æ—Ç—É –∫–æ—Ç–æ—Ä—ã–µ —Ç—ã –¥–∞—Ä–∏—à—å –∫–∞–∂–¥—ã–π –¥–µ–Ω—å",
a7dccd41-5d8e-4d41-a21f-e2850416fa2a,5,"–¢—ã –¥–µ–ª–∞–µ—à—å –æ–±—ã—á–Ω—ã–µ –º–æ–º–µ–Ω—Ç—ã –æ—Å–æ–±–µ–Ω–Ω—ã–º–∏ –ø—Ä–æ—Å—Ç–æ —Å–≤–æ–∏–º –ø—Ä–∏—Å—É—Ç—Å—Ç–≤–∏–µ–º",
a7dccd41-5d8e-4d41-a21f-e2850416fa2a,6,"–ü—É—Å—Ç—å —Å–µ–≥–æ–¥–Ω—è —É —Ç–µ–±—è –±—É–¥–µ—Ç –º–Ω–æ–≥–æ —Å–∏–ª –≤–¥–æ—Ö–Ω–æ–≤–µ–Ω–∏—è –∏ —Ä–∞–¥–æ—Å—Ç–∏",
a7dccd41-5d8e-4d41-a21f-e2850416fa2a,7,"–ú–Ω–µ –Ω—Ä–∞–≤–∏—Ç—Å—è –∫–∞–∫ —Ç—ã —Å–º–µ–µ—à—å—Å—è –∏ –∫–∞–∫ —É —Ç–µ–±—è —Å–≤–µ—Ç—è—Ç—Å—è –≥–ª–∞–∑–∞",
a7dccd41-5d8e-4d41-a21f-e2850416fa2a,8,"–¢—ã –æ—á–µ–Ω—å –∫—Ä–∞—Å–∏–≤–∞—è —É–º–Ω–∞—è –∏ –Ω–µ–≤–µ—Ä–æ—è—Ç–Ω–æ –Ω–µ–∂–Ω–∞—è",
a7dccd41-5d8e-4d41-a21f-e2850416fa2a,9,"–Ø —Ä—è–¥–æ–º —Å —Ç–æ–±–æ–π —á—É–≤—Å—Ç–≤—É—é —Å–µ–±—è –¥–æ–º–∞ –∏ —ç—Ç–æ –±–µ—Å—Ü–µ–Ω–Ω–æ",
a7dccd41-5d8e-4d41-a21f-e2850416fa2a,10,"–¢—ã –º–æ–π –ª—é–±–∏–º—ã–π —á–µ–ª–æ–≤–µ–∫ –∏ —è –±–ª–∞–≥–æ–¥–∞—Ä–µ–Ω —Å—É–¥—å–±–µ –∑–∞ –Ω–∞—Å",
a7dccd41-5d8e-4d41-a21f-e2850416fa2a,11,"–°–µ–≥–æ–¥–Ω—è –ø—Ä–æ—Å—Ç–æ –Ω–∞–ø–æ–º–∏–Ω–∞–Ω–∏–µ —á—Ç–æ —Ç—ã –ø—Ä–µ–∫—Ä–∞—Å–Ω–∞ –≤–æ –≤—Å–µ–º",
a7dccd41-5d8e-4d41-a21f-e2850416fa2a,12,"–Ø –≤–µ—Ä—é –≤ —Ç–µ–±—è –∏ –≤ —Ç–≤–æ–π —Ç–∞–ª–∞–Ω—Ç —Å–∏–ª—å–Ω–µ–µ —á–µ–º –∫—Ç–æ-–ª–∏–±–æ",
a7dccd41-5d8e-4d41-a21f-e2850416fa2a,13,"–¢—ã –≤–¥–æ—Ö–Ω–æ–≤–ª—è–µ—à—å –º–µ–Ω—è —Å—Ç–∞–Ω–æ–≤–∏—Ç—å—Å—è –ª—É—á—à–µ –∫–∞–∂–¥—ã–π –¥–µ–Ω—å",
a7dccd41-5d8e-4d41-a21f-e2850416fa2a,14,"–ü—É—Å—Ç—å —ç—Ç–æ—Ç –¥–µ–Ω—å –±—É–¥–µ—Ç –º—è–≥–∫–∏–º —Å–≤–µ—Ç–ª—ã–º –∏ –æ—á–µ–Ω—å –¥–æ–±—Ä—ã–º –∫ —Ç–µ–±–µ",
a7dccd41-5d8e-4d41-a21f-e2850416fa2a,15,"–ú–Ω–µ –Ω—Ä–∞–≤–∏—Ç—Å—è –≤ —Ç–µ–±–µ –≤—Å–µ –æ—Ç —É–ª—ã–±–∫–∏ –¥–æ —Ç–≤–æ–µ–π —Ä–µ—à–∏—Ç–µ–ª—å–Ω–æ—Å—Ç–∏",
a7dccd41-5d8e-4d41-a21f-e2850416fa2a,16,"–¢—ã —É–º–µ–µ—à—å —Å–æ–∑–¥–∞–≤–∞—Ç—å –∫—Ä–∞—Å–æ—Ç—É –¥–∞–∂–µ –∏–∑ —Å–∞–º—ã—Ö –ø—Ä–æ—Å—Ç—ã—Ö –≤–µ—â–µ–π",
a7dccd41-5d8e-4d41-a21f-e2850416fa2a,17,"–Ø –≥–æ—Ä–∂—É—Å—å —Ç–æ–±–æ–π –∏ –≤—Å–µ–º —á—Ç–æ —Ç—ã –¥–µ–ª–∞–µ—à—å",
a7dccd41-5d8e-4d41-a21f-e2850416fa2a,18,"–¢—ã –º–æ—è —Ä–∞–¥–æ—Å—Ç—å –º–æ–µ —Å–ø–æ–∫–æ–π—Å—Ç–≤–∏–µ –∏ –º–æ–µ –≤–¥–æ—Ö–Ω–æ–≤–µ–Ω–∏–µ",
a7dccd41-5d8e-4d41-a21f-e2850416fa2a,19,"–ü–æ–∂–∞–ª—É–π—Å—Ç–∞ –±–µ—Ä–µ–≥–∏ —Å–µ–±—è –∏ –ø–æ–º–Ω–∏ —á—Ç–æ —è –≤—Å–µ–≥–¥–∞ —Ä—è–¥–æ–º",
a7dccd41-5d8e-4d41-a21f-e2850416fa2a,20,"–¢—ã —É–¥–∏–≤–∏—Ç–µ–ª—å–Ω–∞—è –∏ —è –∫–∞–∂–¥—ã–π –¥–µ–Ω—å –∑–∞–Ω–æ–≤–æ –≤–ª—é–±–ª—è—é—Å—å –≤ —Ç–µ–±—è",
a7dccd41-5d8e-4d41-a21f-e2850416fa2a,21,"–¢–≤–æ—è –¥–æ–±—Ä–æ—Ç–∞ –∏ –∏—Å–∫—Ä–µ–Ω–Ω–æ—Å—Ç—å –¥–µ–ª–∞—é—Ç –º–∏—Ä –≤–æ–∫—Ä—É–≥ –ª—É—á—à–µ",
a7dccd41-5d8e-4d41-a21f-e2850416fa2a,22,"–¢—ã –∑–∞—Å–ª—É–∂–∏–≤–∞–µ—à—å —Å–∞–º–æ–≥–æ –Ω–µ–∂–Ω–æ–≥–æ –∏ –∫—Ä–∞—Å–∏–≤–æ–≥–æ –¥–Ω—è",
a7dccd41-5d8e-4d41-a21f-e2850416fa2a,23,"–ú–Ω–µ –æ—á–µ–Ω—å –ø–æ–≤–µ–∑–ª–æ —á—Ç–æ –∏–º–µ–Ω–Ω–æ —Ç—ã —Ä—è–¥–æ–º —Å–æ –º–Ω–æ–π",
a7dccd41-5d8e-4d41-a21f-e2850416fa2a,24,"–¢—ã —Å–∏–ª—å–Ω–∞—è –∏ —Å–≤–µ—Ç–ª–∞—è –∏ —è –±–µ—Å–∫–æ–Ω–µ—á–Ω–æ —Ç–µ–±—è –ª—é–±–ª—é",
a7dccd41-5d8e-4d41-a21f-e2850416fa2a,25,"–ü—É—Å—Ç—å —Å–µ–≥–æ–¥–Ω—è –±—É–¥–µ—Ç –±–æ–ª—å—à–µ —É–ª—ã–±–æ–∫ –∏ –ø—Ä–∏—è—Ç–Ω—ã—Ö –º–µ–ª–æ—á–µ–π",
a7dccd41-5d8e-4d41-a21f-e2850416fa2a,26,"–Ø –ª—é–±–ª—é –Ω–∞—à–∏ —Ä–∞–∑–≥–æ–≤–æ—Ä—ã –Ω–∞—à–∏ —à—É—Ç–∫–∏ –∏ –Ω–∞—à–∏ —Ç–∏—Ö–∏–µ –≤–µ—á–µ—Ä–∞",
a7dccd41-5d8e-4d41-a21f-e2850416fa2a,27,"–¢—ã –æ—Å–æ–±–µ–Ω–Ω–∞—è –¥–ª—è –º–µ–Ω—è –∏ —ç—Ç–æ –Ω–∞–≤—Å–µ–≥–¥–∞",
a7dccd41-5d8e-4d41-a21f-e2850416fa2a,28,"–°–ø–∞—Å–∏–±–æ —á—Ç–æ —Ç—ã –µ—Å—Ç—å –≤ –º–æ–µ–π –∂–∏–∑–Ω–∏ –ª—é–±–∏–º–∞—è –ê–ª–∏—Å–∞",
a7dccd41-5d8e-4d41-a21f-e2850416fa2a,29,"–û–±–Ω–∏–º–∞—é —Ç–µ–±—è –º—ã—Å–ª–µ–Ω–Ω–æ –∏ –ø–æ—Å—ã–ª–∞—é –º–Ω–æ–≥–æ –ª—é–±–≤–∏ –Ω–∞ —Å–µ–≥–æ–¥–Ω—è",
a7dccd41-5d8e-4d41-a21f-e2850416fa2a,30,"–° —Ç–æ–±–æ–π –∫–∞–∂–¥—ã–π –¥–µ–Ω—å –∫–∞–∫ –º–∞–ª–µ–Ω—å–∫–∏–π –ø—Ä–∞–∑–¥–Ω–∏–∫ –º–æ–µ–≥–æ —Å–µ—Ä–¥—Ü–∞",
